Workbook

Sheet DuLieu
A1: Dữ liệu chi tiết đơn cứu hộ — thay bằng export từ hệ thống
A3: STT | B3: Biển kiểm soát | C3: Loại dịch vụ | D3: Trạng thái bảo lãnh (nguồn) | E3: PTI thanh toán | F3: KH đã thanh toán | G3: KH công nợ | H3: Tổng chi phí | I3: Nhóm báo cáo
A4: 1 | B4: BIển-001 | C4: Cẩu kéo | D4: PTI bảo lãnh | E4: 1667154 | F4: 0 | G4: 0 | H4: =E4+F4+G4 | I4: =IF(D4="PTI bảo lãnh","Bảo lãnh đủ",IF(D4="PTI bảo lãnh 1 phần","Bảo lãnh một phần",IF(D4="PTI không bảo lãnh","Không bảo lãnh (KH đã TT)",IF(D4="PTI không bảo lãnh, Khách hàng chưa thanh toán","Không bảo lãnh (Chưa thu)",D4))))
A5: 2 | B5: BIển-002 | C5: Cẩu kéo | D5: PTI bảo lãnh | E5: 1667154 | F5: 0 | G5: 0 | H5: =E5+F5+G5 | I5: =IF(D5="PTI bảo lãnh","Bảo lãnh đủ",IF(D5="PTI bảo lãnh 1 phần","Bảo lãnh một phần",IF(D5="PTI không bảo lãnh","Không bảo lãnh (KH đã TT)",IF(D5="PTI không bảo lãnh, Khách hàng chưa thanh toán","Không bảo lãnh (Chưa thu)",D5))))
A6: 3 | B6: BIển-003 | C6: Cẩu kéo | D6: PTI bảo lãnh | E6: 1667154 | F6: 0 | G6: 0 | H6: =E6+F6+G6 | I6: =IF(D6="PTI bảo lãnh","Bảo lãnh đủ",IF(D6="PTI bảo lãnh 1 phần","Bảo lãnh một phần",IF(D6="PTI không bảo lãnh","Không bảo lãnh (KH đã TT)",IF(D6="PTI không bảo lãnh, Khách hàng chưa thanh toán","Không bảo lãnh (Chưa thu)",D6))))
A7: 4 | B7: BIển-004 | C7: Cẩu kéo | D7: PTI bảo lãnh | E7: 1667154 | F7: 0 | G7: 0 | H7: =E7+F7+G7 | I7: =IF(D7="PTI bảo lãnh","Bảo lãnh đủ",IF(D7="PTI bảo lãnh 1 phần","Bảo lãnh một phần",IF(D7="PTI không bảo lãnh","Không bảo lãnh (KH đã TT)",IF(D7="PTI không bảo lãnh, Khách hàng chưa thanh toán","Không bảo lãnh (Chưa thu)",D7))))
A8: 5 | B8: BIển-005 | C8: Cẩu kéo | D8: PTI bảo lãnh | E8: 1667154 | F8: 0 | G8: 0 | H8: =E8+F8+G8 | I8: =IF(D8="PTI bảo lãnh","Bảo lãnh đủ",IF(D8="PTI bảo lãnh 1 phần","Bảo lãnh một phần",IF(D8="PTI không bảo lãnh","Không bảo lãnh (KH đã TT)",IF(D8="PTI không bảo lãnh, Khách hàng chưa thanh toán","Không bảo lãnh (Chưa thu)",D8))))
A9: 6 | B9: BIển-006 | C9: Cẩu kéo | D9: PTI bảo lãnh | E9: 1667154 | F9: 0 | G9: 0 | H9: =E9+F9+G9 | I9: =IF(D9="PTI bảo lãnh","Bảo lãnh đủ",IF(D9="PTI bảo lãnh 1 phần","Bảo lãnh một phần",IF(D9="PTI không bảo lãnh","Không bảo lãnh (KH đã TT)",IF(D9="PTI không bảo lãnh, Khách hàng chưa thanh toán","Không bảo lãnh (Chưa thu)",D9))))
A10: 7 | B10: BIển-007 | C10: Cẩu kéo | D10: PTI bảo lãnh | E10: 1667154 | F10: 0 | G10: 0 | H10: =E10+F10+G10 | I10: =IF(D10="PTI bảo lãnh","Bảo lãnh đủ",IF(D10="PTI bảo lãnh 1 phần","Bảo lãnh một phần",IF(D10="PTI không bảo lãnh","Không bảo lãnh (KH đã TT)",IF(D10="PTI không bảo lãnh, Khách hàng chưa thanh toán","Không bảo lãnh (Chưa thu)",D10))))
A11: 8 | B11: BIển-008 | C11: Cẩu kéo | D11: PTI bảo lãnh | E11: 1667154 | F11: 0 | G11: 0 | H11: =E11+F11+G11 | I11: =IF(D11="PTI bảo lãnh","Bảo lãnh đủ",IF(D11="PTI bảo lãnh 1 phần","Bảo lãnh một phần",IF(D11="PTI không bảo lãnh","Không bảo lãnh (KH đã TT)",IF(D11="PTI không bảo lãnh, Khách hàng chưa thanh toán","Không bảo lãnh (Chưa thu)",D11))))
A12: 9 | B12: BIển-009 | C12: Cẩu kéo | D12: PTI bảo lãnh | E12: 1667154 | F12: 0 | G12: 0 | H12: =E12+F12+G12 | I12: =IF(D12="PTI bảo lãnh","Bảo lãnh đủ",IF(D12="PTI bảo lãnh 1 phần","Bảo lãnh một phần",IF(D12="PTI không bảo lãnh","Không bảo lãnh (KH đã TT)",IF(D12="PTI không bảo lãnh, Khách hàng chưa thanh toán","Không bảo lãnh (Chưa thu)",D12))))
A13: 10 | B13: BIển-010 | C13: Cẩu kéo | D13: PTI bảo lãnh | E13: 1667154 | F13: 0 | G13: 0 | H13: =E13+F13+G13 | I13: =IF(D13="PTI bảo lãnh","Bảo lãnh đủ",IF(D13="PTI bảo lãnh 1 phần","Bảo lãnh một phần",IF(D13="PTI không bảo lãnh","Không bảo lãnh (KH đã TT)",IF(D13="PTI không bảo lãnh, Khách hàng chưa thanh toán","Không bảo lãnh (Chưa thu)",D13))))
A14: 11 | B14: BIển-011 | C14: Cẩu kéo | D14: PTI bảo lãnh | E14: 1667154 | F14: 0 | G14: 0 | H14: =E14+F14+G14 | I14: =IF(D14="PTI bảo lãnh","Bảo lãnh đủ",IF(D14="PTI bảo lãnh 1 phần","Bảo lãnh một phần",IF(D14="PTI không bảo lãnh","Không bảo lãnh (KH đã TT)",IF(D14="PTI không bảo lãnh, Khách hàng chưa thanh toán","Không bảo lãnh (Chưa thu)",D14))))
A15: 12 | B15: BIển-012 | C15: Cẩu kéo | D15: PTI bảo lãnh | E15: 1667154 | F15: 0 | G15: 0 | H15: =E15+F15+G15 | I15: =IF(D15="PTI bảo lãnh","Bảo lãnh đủ",IF(D15="PTI bảo lãnh 1 phần","Bảo lãnh một phần",IF(D15="PTI không bảo lãnh","Không bảo lãnh (KH đã TT)",IF(D15="PTI không bảo lãnh, Khách hàng chưa thanh toán","Không bảo lãnh (Chưa thu)",D15))))
... A92: 89 | B92: BIển-089 | C92: Đâm, lật, tai nạn | D92: PTI không bảo lãnh, Khách hàng chưa thanh toán | E92: 0 | F92: 0 | G92: 11666667 | H92: =E92+F92+G92 | I92: =IF(D92="PTI bảo lãnh","Bảo lãnh đủ",IF(D92="PTI bảo lãnh 1 phần","Bảo lãnh một phần",IF(D92="PTI không bảo lãnh","Không bảo lãnh (KH đã TT)",IF(D92="PTI không bảo lãnh, Khách hàng chưa thanh toán","Không bảo lãnh (Chưa thu)",D92))))
D94: LAST_ROW marker: | E94: 92

Sheet BaoCao
A1: BÁO CÁO CỨU HỘ PTI
A2: Kỳ báo cáo: | B2: 01/07/2026 – 31/07/2026
A3: Đơn vị lập: | B3: VETC RSA
A5: 1. Tổng quan theo trạng thái bảo lãnh
A6: Nhóm báo cáo | B6: Số ca | C6: Tổng chi phí | D6: PTI thanh toán | E6: KH đã thanh toán | F6: KH công nợ | G6: Ghi chú
A7: Bảo lãnh đủ | B7: =COUNTIF(DuLieu!$I$4:$I$92,A7) | C7: =SUMIF(DuLieu!$I$4:$I$92,A7,DuLieu!$H$4:$H$92) | D7: =SUMIF(DuLieu!$I$4:$I$92,A7,DuLieu!$E$4:$E$92) | E7: =SUMIF(DuLieu!$I$4:$I$92,A7,DuLieu!$F$4:$F$92) | F7: =SUMIF(DuLieu!$I$4:$I$92,A7,DuLieu!$G$4:$G$92)
A8: Bảo lãnh một phần | B8: =COUNTIF(DuLieu!$I$4:$I$92,A8) | C8: =SUMIF(DuLieu!$I$4:$I$92,A8,DuLieu!$H$4:$H$92) | D8: =SUMIF(DuLieu!$I$4:$I$92,A8,DuLieu!$E$4:$E$92) | E8: =SUMIF(DuLieu!$I$4:$I$92,A8,DuLieu!$F$4:$F$92) | F8: =SUMIF(DuLieu!$I$4:$I$92,A8,DuLieu!$G$4:$G$92) | G8: PTI và KH cùng chi trả phần vượt hạn mức
A9: Không bảo lãnh (KH đã TT) | B9: =COUNTIF(DuLieu!$I$4:$I$92,A9) | C9: =SUMIF(DuLieu!$I$4:$I$92,A9,DuLieu!$H$4:$H$92) | D9: =SUMIF(DuLieu!$I$4:$I$92,A9,DuLieu!$E$4:$E$92) | E9: =SUMIF(DuLieu!$I$4:$I$92,A9,DuLieu!$F$4:$F$92) | F9: =SUMIF(DuLieu!$I$4:$I$92,A9,DuLieu!$G$4:$G$92) | G9: KH tự chi trả toàn bộ
A10: Không bảo lãnh (Chưa thu) | B10: =COUNTIF(DuLieu!$I$4:$I$92,A10) | C10: =SUMIF(DuLieu!$I$4:$I$92,A10,DuLieu!$H$4:$H$92) | D10: =SUMIF(DuLieu!$I$4:$I$92,A10,DuLieu!$E$4:$E$92) | E10: =SUMIF(DuLieu!$I$4:$I$92,A10,DuLieu!$F$4:$F$92) | F10: =SUMIF(DuLieu!$I$4:$I$92,A10,DuLieu!$G$4:$G$92) | G10: Đang theo dõi thu hồi
A11: TỔNG | B11: =SUM(B7:B10) | C11: =SUM(C7:C10) | D11: =SUM(D7:D10) | E11: =SUM(E7:E10) | F11: =SUM(F7:F10)
A14: 2. Chi tiết theo loại dịch vụ
A15: Loại dịch vụ | B15: Số ca | C15: Bảo lãnh đủ | D15: Bảo lãnh 1 phần | E15: Không bảo lãnh
A16: Cẩu kéo | B16: =COUNTIF(DuLieu!$C$4:$C$92,A16) | C16: =COUNTIFS(DuLieu!$C$4:$C$92,A16,DuLieu!$I$4:$I$92,"Bảo lãnh đủ") | D16: =COUNTIFS(DuLieu!$C$4:$C$92,A16,DuLieu!$I$4:$I$92,"Bảo lãnh một phần") | E16: =COUNTIFS(DuLieu!$C$4:$C$92,A16,DuLieu!$I$4:$I$92,"Không bảo lãnh (KH đã TT)")+COUNTIFS(DuLieu!$C$4:$C$92,A16,DuLieu!$I$4:$I$92,"Không bảo lãnh (Chưa thu)")
A17: Hỗ trợ tại chỗ | B17: =COUNTIF(DuLieu!$C$4:$C$92,A17) | C17: =COUNTIFS(DuLieu!$C$4:$C$92,A17,DuLieu!$I$4:$I$92,"Bảo lãnh đủ") | D17: =COUNTIFS(DuLieu!$C$4:$C$92,A17,DuLieu!$I$4:$I$92,"Bảo lãnh một phần") | E17: =COUNTIFS(DuLieu!$C$4:$C$92,A17,DuLieu!$I$4:$I$92,"Không bảo lãnh (KH đã TT)")+COUNTIFS(DuLieu!$C$4:$C$92,A17,DuLieu!$I$4:$I$92,"Không bảo lãnh (Chưa thu)")
A18: Cẩu kéo, thủy kích | B18: =COUNTIF(DuLieu!$C$4:$C$92,A18) | C18: =COUNTIFS(DuLieu!$C$4:$C$92,A18,DuLieu!$I$4:$I$92,"Bảo lãnh đủ") | D18: =COUNTIFS(DuLieu!$C$4:$C$92,A18,DuLieu!$I$4:$I$92,"Bảo lãnh một phần") | E18: =COUNTIFS(DuLieu!$C$4:$C$92,A18,DuLieu!$I$4:$I$92,"Không bảo lãnh (KH đã TT)")+COUNTIFS(DuLieu!$C$4:$C$92,A18,DuLieu!$I$4:$I$92,"Không bảo lãnh (Chưa thu)")
A19: Đâm, lật, tai nạn | B19: =COUNTIF(DuLieu!$C$4:$C$92,A19) | C19: =COUNTIFS(DuLieu!$C$4:$C$92,A19,DuLieu!$I$4:$I$92,"Bảo lãnh đủ") | D19: =COUNTIFS(DuLieu!$C$4:$C$92,A19,DuLieu!$I$4:$I$92,"Bảo lãnh một phần") | E19: =COUNTIFS(DuLieu!$C$4:$C$92,A19,DuLieu!$I$4:$I$92,"Không bảo lãnh (KH đã TT)")+COUNTIFS(DuLieu!$C$4:$C$92,A19,DuLieu!$I$4:$I$92,"Không bảo lãnh (Chưa thu)")
A20: TỔNG | B20: =SUM(B16:B19) | C20: =SUM(C16:C19) | D20: =SUM(D16:D19) | E20: =SUM(E16:E19)
A22: Ghi chú: Cột 'KH công nợ' là số tiền chưa thu từ khách hàng, không tính vào 'KH đã thanh toán'.

Sheet CongThuc
A2: Cột trên sheet DuLieu | B2: Mô tả
A3: A – STT | B3: Số thứ tự
A4: B – Biển kiểm soát | B4: Mã định danh ca cứu hộ (1 dòng = 1 ca)
A5: C – Loại dịch vụ | B5: Cẩu kéo / Hỗ trợ tại chỗ / …
A6: D – Trạng thái bảo lãnh (nguồn) | B6: Giá trị export từ hệ thống
A7: E – PTI thanh toán | B7: Số tiền PTI đã/ sẽ thanh toán cho ca này
A8: F – KH đã thanh toán | B8: Số tiền đã thu từ khách hàng
A9: G – KH công nợ | B9: Số tiền KH chưa thanh toán (nếu có)
A10: H – Tổng chi phí | B10: =E+F+G
A11: I – Nhóm báo cáo | B11: Chuẩn hóa tên nhóm để pivot/báo cáo
A13: Công thức cột H (Tổng chi phí) | B13: =E2+F2+G2
A14: Công thức cột I (Nhóm báo cáo) | B14: =IF(D2="PTI bảo lãnh","Bảo lãnh đủ",IF(D2="PTI bảo lãnh 1 phần","Bảo lãnh một phần",IF(D2="PTI không bảo lãnh","Không bảo lãnh (KH đã TT)",IF(D2="PTI không bảo lãnh, Khách hàng chưa thanh toán","Không bảo lãnh (Chưa thu)",D2))))
A16: Tổng số ca (ví dụ) | B16: =COUNTA(DuLieu!B4:B92)
A17: Tổng PTI thanh toán | B17: =SUM(DuLieu!E4:E92)
A18: Tổng KH đã TT | B18: =SUM(DuLieu!F4:F92)
A19: Tổng công nợ KH | B19: =SUM(DuLieu!G4:G92)
A20: Số ca bảo lãnh đủ | B20: =COUNTIF(DuLieu!I4:I92,"Bảo lãnh đủ")
A22: Lưu ý | B22: Mỗi ca = 1 dòng. Paste dữ liệu từ hàng 4, kéo công thức H:I xuống.
B23: Cập nhật LAST_ROW trên sheet DuLieu hoặc dùng Excel Table (Ctrl+T) để công thức tự mở rộng.
